{"stats":{"minecraft:used":{"computercraft:wireless_modem_advanced":2,"computercraft:computer_advanced":4,"minecraft:grass_block":19,"computercraft:turtle_advanced":312,"minecraft:milk_bucket":1,"minecraft:obsidian":12},"minecraft:picked_up":{"minecraft:rotten_flesh":1,"computercraft:turtle_advanced":183,"minecraft:wheat_seeds":1,"computercraft:wireless_modem_advanced":1,"computercraft:computer_advanced":2,"minecraft:red_dye":1,"minecraft:coal_block":12},"minecraft:custom":{"minecraft:time_since_rest":123953,"minecraft:open_chest":2,"minecraft:crouch_one_cm":2684,"minecraft:play_one_minute":123953,"minecraft:sprint_one_cm":8818,"minecraft:walk_one_cm":68545,"minecraft:sneak_time":1965,"minecraft:walk_under_water_one_cm":86,"minecraft:mob_kills":1,"minecraft:jump":217,"minecraft:damage_dealt":27,"minecraft:leave_game":4,"minecraft:walk_on_water_one_cm":403,"minecraft:time_since_death":123953,"minecraft:swim_one_cm":688,"minecraft:fly_one_cm":330055}},"DataVersion":2586}